{"cameraMode":{"drawMode":0,"name":"Shaded","section":"Shading Mode"},"sceneLighting":true,"audioPlay":false,"sceneViewState":{"m_AlwaysRefresh":true,"showFog":true,"showSkybox":true,"showFlares":true,"showImageEffects":true,"showParticleSystems":true,"showVisualEffectGraphs":true,"m_FxEnabled":true},"in2DMode":false,"pivot":{"x":0.41595685482025149,"y":-2.749631643295288,"z":10.396632194519043},"rotation":{"x":-0.17036636173725129,"y":-0.03487696871161461,"z":0.006034239660948515,"w":-0.9847444891929627},"size":9.132166862487793,"orthographic":false}