{"cameraMode":{"drawMode":0,"name":"Shaded","section":"Shading Mode"},"sceneLighting":true,"audioPlay":false,"sceneViewState":{"m_AlwaysRefresh":true,"showFog":true,"showSkybox":true,"showFlares":true,"showImageEffects":true,"showParticleSystems":true,"showVisualEffectGraphs":true,"m_FxEnabled":true},"in2DMode":false,"pivot":{"x":9.697050094604493,"y":0.3291006088256836,"z":12.258585929870606},"rotation":{"x":-0.0978267639875412,"y":0.7052386403083801,"z":-0.09924817830324173,"w":-0.6951563954353333},"size":2.9254770278930666,"orthographic":false}