{"cameraMode":{"drawMode":0,"name":"Shaded","section":"Shading Mode"},"sceneLighting":true,"audioPlay":false,"sceneViewState":{"m_AlwaysRefresh":true,"showFog":true,"showSkybox":true,"showFlares":true,"showImageEffects":true,"showParticleSystems":true,"showVisualEffectGraphs":true,"m_FxEnabled":true},"in2DMode":false,"pivot":{"x":-0.0027314734179526569,"y":0.45913034677505495,"z":-2.347464084625244},"rotation":{"x":-0.21900120377540589,"y":0.015223272144794464,"z":-0.003394328523427248,"w":-0.9756363034248352},"size":2.1098647117614748,"orthographic":false}