{"cameraMode":{"drawMode":0,"name":"Shaded","section":"Shading Mode"},"sceneLighting":true,"audioPlay":false,"sceneViewState":{"m_AlwaysRefresh":true,"showFog":true,"showSkybox":true,"showFlares":true,"showImageEffects":true,"showParticleSystems":true,"showVisualEffectGraphs":true,"m_FxEnabled":true},"in2DMode":false,"pivot":{"x":2.0087521076202394,"y":3.316469669342041,"z":11.854837417602539},"rotation":{"x":0.020519360899925233,"y":-0.12951365113258363,"z":-0.0026513373013585808,"w":-0.9913982152938843},"size":4.717255592346191,"orthographic":false}